tweet,true_label,classification,confidence
So you have a new weapon that can cause un-imaginable destruction.,1,0,0.75
DT @georgegalloway: RT @Galloway4Mayor: ÛÏThe CoL police can catch a pickpocket in Liverpool Stree... http://t.co/vXIn1gOq4Q,1,0,0.75
"my favorite lady came to our volunteer meeting
hopefully joining her youth collision and i am excite http://t.co/Ij0wQ490cS",1,0,0.75
@brianroemmele UX fail of EMV - people want to insert and remove quickly like a gas pump stripe reader. 1 person told me it crashed the POS,1,0,0.75
The Murderous Story Of AmericaÛªs First Hijacking http://t.co/EYUGk6byxr,1,0,0.75
AKILAH WORLD NEWS Cop pulls man from car to avoid this ... http://t.co/Vn2Fnmy7li,1,0,0.65
illegal alien released by Obama/DHS 4 times Charged With Rape &amp; Murder of Santa Maria CA Woman Had Prior Offenses  http://t.co/MqP4hF9GpO,1,0,0.75
Hiroshima survivors fight nuclear industry in Brazil ÛÒ video http://t.co/uvM975yha2,1,0,0.75
@Kinder_Morgan can'twon't tell @cityofkamloops how they'd respond to an oil spill. Trust them? See Sec 4.2 #Kamloops http://t.co/TA6N9sZyfP,1,0,0.75
It's a miracle that mankind survived 70 years since one of the worst days in its history. All bets are off if it will survive the next 70.,1,0,0.75
@pattonoswalt @FoxNews Wait I thought Fecal Hurricane was on SciFi? Maybe that was turdnado. I've been forgeting up a shit storm lately.,1,0,0.92
'The Reagan Administration had arranged for Israeli weapons to be sent to the Guatemalan Army  http://t.co/4fYNQ1hWWb,1,0,0.75
@PhilipDuncan @breakfastone People 'annihilated by last nights weather'... Really Philip thought you would have forecast that...,1,0,0.75
TodayÛªs storm will pass; let tomorrowÛªs light greet you with a kiss. Bask in this loving warmth; let your soul return to bliss.,1,0,0.92
NHS England announces new plan to meet emergency care targets http://t.co/0x2BIEqXPV,0,1,0.88
"Oh shit its rly sheeting
Aaaaaand there's the thunder and lightning
I missed summer storms",1,0,0.75
U.S National Park Services Tonto National Forest: Stop the Annihilation of the Salt River Wild Horse... https://t.co/sW1sBua3mN via @Change,1,0,0.75
I totally agree. They rape kill destroy and leave land desolate. Action needs to happen before the swarm swells. https://t.co/Twcds433YI,1,0,0.65
"@FlyOpineMonkey You mean Olympic ;-) 
Also its follow-up for Honshu Operation Coronet. 
In all: 1m Allied casualties 30m Japanese dead.",1,0,0.75
Fairfax investigating firefighter over Facebook post saying police should be put in Û÷body bagsÛª - The Washington Post http://t.co/jAxHzjCCd4,0,1,0.75
BLOG: Rain much needed as drought conditions worsen: Right now Charlotte and much of the surrounding area haveÛ_ http://t.co/OLzaVTJFKH,1,0,0.75
Exploring New Worlds: Three Moments of an Explosion by China MiÌ©ville http://t.co/OTrwZ1t9sp http://t.co/xVlkFCvfX5,1,0,0.75
Warne shocked over Australia's epic collapse at Trent Bridge: Johannesburg Aug 06 (ANI): Legendary Australian... http://t.co/LwwoJXtTIV,1,0,0.75
"Back to the future in #Vanuatu how Cyclone Pam has encouraged traditional ways of living:
http://t.co/aFMKcFn1TL http://t.co/6QZXFK2LFS",1,0,0.75
#hot  C-130 specially modified to land in a stadium and rescue hostages in Iran in 1980 http://t.co/fQWTSxLkrZ #prebreak #best,1,0,0.75
Method in contemplation of incident an leading bridal landslide: wiWNpFXA http://t.co/xysNXUM29T,1,0,0.65
"950. If a landslide tumbles down todayI'm on your side

And if a twister sweeps it all away-

YOU'RE ON YOUR OWN BITCH!*runs into distance*",1,0,0.75
@camilacabello97 Internally and externally screaming,1,0,0.75
Signing a petition to seek mercy on a death punishment for a convivted terrorist is a job well done in India. But asking a foreign govt 1/n,1,0,0.75
A traumatised dog that was found buried up to its head in dirt in France is now in safe hands. This is such a... http://t.co/AGQo1479xM,0,1,0.78
Friendly reminder that the only country to ever use nuclear weapons is the U.S. And it was against civilians. https://t.co/7QrEPylLUK,1,0,0.75
@KatRamsland Yes I'm a bleeding heart liberal.,1,0,0.85
Me watching Law &amp; Order (IB: @sauldale305) (Vine by @NaturalExample) https://t.co/tl29LnU44O,1,0,0.95
I am not an American but I have family who have served in the military work in the emergency services and work in... http://t.co/Pl2VzLrKVK,1,0,0.75
ITS A TIE DYE EXPLOSION ON IG HELP ME. IM DROWNING IN TIE DYE,1,0,0.92
EXCLUSIVE: In 179 fatalities involving on-duty NYPD cops in 15 years only 3åÊÛ_ http://t.co/Cn1joMMUGH,1,0,0.75
At the #999day Emergency Services display! Meeting the brave police firefighters and first responders that help keep us safe! ????????,1,0,0.75
God forbid this is true #California has enough problems with severe #drought &amp; #wild fires. http://t.co/CMsgexM4FC #Nuclear Power #SanOnofre,1,0,0.75
Even if u have your weapon and your badge we gonna put them choppas on your ass????,1,0,0.75
I don't understand 'taking' ANY life as a trophy. It's violent killing. http://t.co/NEqW47E1uj #CecilTheLion #BADChoices #BANTROPHYHUNTING,1,0,0.75
#Metepec #Mexico - ?NIGHT DISASTER?...E(Oficial) @ #NitClub #mÌ¼sica #mÌ¼sica http://t.co/WTfJF9jjzs,1,0,0.75
@alextucker VOLCANO BOWL DRINK,1,0,0.75
We are totally unprepared for an EMP attack. Both China Russia and probably Isis possess them. 90% fatalities. Why are we pushing them?,1,0,0.75
Property/casualty insurance rates up 1% in July: After several months of no movement commercial property/casu... http://t.co/KcLkoKqI8a,1,0,0.75
Governor weighs parole for California school bus hijacker http://t.co/yFPpIFDkQO http://t.co/aJYUlMFTIF,1,0,0.75
EUROCRISIS Guardian Greece's tax revenues collapse as debt crisis continues: As talks continue over proposed âÂ... http://t.co/bBm9sR1wOw,1,0,0.75
Û÷Hijacker copsÛª back in the dock - http://t.co/9I5cczD5S0 http://t.co/WEaTrRihE1,1,0,0.75
the pastor was not in the scene of the accident......who was the owner of the range rover ?,1,0,0.75
"Escaping her captors was the 1st step. Now she must survive a deadly storm &amp; a wild-looking recluse.
BETRAYED
http://t.co/0Q040STkCV
#books",1,0,0.88
@AisuMage @AkumaReisu --just between Gray and Ophelia red flames blazing around her person setting nearly everything in the area--,1,0,0.75
Going to a fest? Bring swimming goggles for the dust storm in the circle pit,1,0,0.75
Random wind gust just came through #Gander.  Probably some convection outflow.  Haven't heard any thunder yet but a few spits of rain #nlwx,1,0,0.75
Rare insight into #terror and How to fight it http://t.co/t6OBVWaPhW #Cameroon #USA #Whitehouse #ES #FR #Nigeria #UK #Africa #DE #CA #AU #JP,1,0,0.75
@Michael5SOS haha so would you say its so hot your balls are burning off????,1,0,0.92
I just checked in! ÛÒ at On Fire on @ZomatoAUS #LoveFood http://t.co/9l5kqykrbG,1,0,0.9
Watch This Airport Get Swallowed Up By A Sandstorm In Under A Minute http://t.co/bgM4cSrbVd,1,0,0.75
CONFIRMED: Sanchez Hazard and Bolasie will be out for the rest of the season. https://t.co/7Ct01nEptL,1,0,0.75
Thanks a lot roadworks men cos a tube strike wasn't disruptive enough so having to walk the desolate route from Tottenham to .....,1,0,0.75
Read ~ THE UNHEALED WOUNDS OF AN UNENDING CONFLICT #Kashmir #Pakistan #India http://t.co/sAF9MoSkSN #EndOccupation #EndConflict #FreeKashmir,1,0,0.88
@todd_calfee so @mattburgener wanted to see that info on blight u got,1,0,0.75
@Kirafrog @mount_wario Did you get wrecked again?,1,0,0.75
MTR issues Hazardous Weather Outlook (HWO) http://t.co/tGLK2UUs2Z,1,0,0.75
Price of vegetables rises on Typhoon Soudelor concerns http://t.co/GeI58Vhbw6,1,0,0.75
'Planted 390 years ago' it was moved to U-S. This Bonsai Survived Hiroshima But Its Story Was Nearly Lost http://t.co/jID4RO34gb via @NatGeo,1,0,0.75
.@unsuckdcmetro Is the train half-derailed or half-railed? #deepthoughts,1,0,0.75
C-130 specially modified to land in a stadium and rescue hostages in Iran in 1980:    submitt... http://t.co/nbugSMqLRG #aviationaddicts,1,0,0.75
@GettingLost @JennEllensBB @Muncle_jim It said they had superficial wounds and it was the pepper spray that did the most damage.,1,0,0.75
PolicyLab is at @CECANF's last public hearing in NYC today and tomorrow to address child abuse and neglect fatalities http://t.co/n2cY3Z4TPB,1,0,0.75
"Thunderstorm in Helsinki
#thunder #lightning #lightningstrike #thunderstorm #nature #HelsinkiÛ_ https://t.co/rJJXUcX5PM",1,0,0.75
@Vickie627 Desert Storm was an unqualified victory a treaty was signed.  Under Clinton the situation only got worse and more violent. #tcot,1,0,0.75
@BigSim50 nah Philly pundits are half the cause. They set buildings on fire to report on buildings being on fire.,1,0,0.75
Japan Marks 70th Anniversary of Hiroshima Atomic Bombing http://t.co/93vqkdFgnr,1,0,0.75
exporting food wont solve the problem. africans will end famine n poverty by SOLVING OUT OF CONTROL TRIBAL WARS. https://t.co/UttaNbigRx,1,0,0.78
burned 129 calories doing 24 minutes of Walking 3.5 mph brisk pace #myfitnesspal,1,0,0.85
@SaintRobinho86 someone has to be at the bottom of every league. Tonight clearly demonstrated why the Lions are where they are - sunk!,1,0,0.85
Disregard my snap story there is an angry white girl riot happening as we speak. #evacuate,1,0,0.75
My ear started bleeding again...,0,1,0.85
This is the first year the Forest Service spent more than half its annual budget on fighting fires. #climatechange http://t.co/D62zfZy0Mi,1,0,0.75
Imagine a room with walls that are lava lamps.,1,0,0.85
Rt hirochii0: There is no country that making fun of Hiroshima 's tragedy but Korea. http://t.co/And1Btizao #Indonesia #Malaysia #Jamaica #Û_,1,0,0.75
"Students at Sutherland remember Australian casualties at Lone Pine Gallipoli
 http://t.co/d50oRfXoFB via @theleadernews",1,0,0.75
To All The Meat-Loving Feminists Of The World Riot Grill Has Arrived http://t.co/TiOst8oKvX,1,0,0.75
"Prince Phillip said of the numbers of those murdered by the British at Amritsar...

ÛÏThatÛªs a bit exaggerated it must include the woundedÛ.",1,0,0.85
@UN No more #GujaratRiot &amp; #MumbaiRiot92-93 which devastated 1000&amp;1000 Indianperpetrated by #Modi &amp; #ChawalChorbjp @UN_Women  @UNNewsTeam,1,0,0.75
Learning from the Legacy of a Catastrophic Eruption http://t.co/PgXfocgHqg via @newyorker,1,0,0.75
New Giant Flames (GIANT FULL BLACK PANTOFEL) info/order sms:087809233445 pin:23928835 http://t.co/dthNEezupe  pic.twitter.com/pNPiZoDY,1,0,0.95
Two hours to get to a client meeting. Whirlwind of emotions with this #tubestrike,1,0,0.75
Must Read Forecast! Longest Streak of Triple-Digit Heat Since 2013 What happens next? http://t.co/xXOuPfy8nQ http://t.co/A3BJabHQhe,1,0,0.75
Big Top Burning The True Story Of An Arsonist A Missing Girl Û_ : http://t.co/QxH1H61cwD .,1,0,0.75
WWII Memories Plus Lessons of Hiroshima We Still Need Nuclear Weapons http://t.co/xbMm7ITe9q #denver #billings #rapidcity #seattle #cheyenne,1,0,0.75
Whirlwind Medusa Audio Snake: 16 microphone inputs 0 returns 150 ft http://t.co/mxkAlMQpdb http://t.co/8KZnhtYtt9,1,0,0.75
CDC has a pretty cool list of all bioterrorism agents :3,1,0,0.75
Wall of noise is one thing - but a wall of dust? Moving at 60MPH? http://t.co/9NwAJLi9cr How to not get blown away! http://t.co/j4NI4N0yFZ,1,0,0.75
Good way to end the day!!! Geyser plus dust storm! http://t.co/l5VakLR59M,1,0,0.75
Let's not forget our wounded female veterans. http://t.co/rZ7fbr10xw,1,0,0.75
"ANNIHILATED IN DAMASCUS: SYRIAN ARMY GRINDS Û÷ALLOOSH AND HIS GANG INTO THE MANURE PILE
http://t.co/7rakhP3bWm",1,0,0.75
There was a loud bang outside earlier and I check to find my dad on the floor after the chair he was sitting on broke http://t.co/uniJ1RVrRq,0,1,0.75
Businesses are deluged with invoices. Make yours stand out with colour or shape and it's likely to rise to the top of t e pay' pileq,1,0,0.85
Avalanche City - Sunset http://t.co/48h3tLvLXr #nowplay #listen #radio,1,0,0.85
@BoomerangTime @RSKarim1 @sopameer @wattashit3 Appears to already be arriving in Ridah in body bags.,0,1,0.88
Obama Keeps 27 Iraqi Christian Asylum Seekers nDetention While Flooding U.S. w/Unscreened Muslims: http://t.co/b4k0R4GgA8 via @DCClothesline,1,0,0.75
A country Chim can survive!,1,0,0.75
Hellfire is surrounded by desires so be careful and donÛªt let your desires control you! #Afterlife,1,0,0.85
So this storm just came out of no where. .fuck me its cool,1,0,0.75
70 Years After Atomic Bombs Japan Still Struggles With Wartime Past: The anniversary of the devastation wroug... http://t.co/EfsA6pbeMC,1,0,0.75
@volcano_tornado live somewhere else for a while and Da Mill ain't too bad son! #perspective,1,0,0.75
Party for Bestival crash victim Michael Molloy on what would have been his 21st http://t.co/BIkR8zzbhA,1,0,0.75
@PianoHands You don't know because you don't smoke. The way to make taxis and buses come is to light a cigarette to smoke while you wait.,1,0,0.92
@NRO Except when ordered not to carry unauthorized weapons while on duty or in military uniforms. THATS THE RULE FOOL,1,0,0.75
"#NoChillLukeHammings
IM SCREAMING",1,0,0.75
"Revise the Death to America scenario? 

While there's 500 American casualties by Iranian activity SUSPECTED!!! http://t.co/drlKEbeYPi",1,0,0.75
'Food crematoria' provoke outrage amid crisis famine memories... http://t.co/REsxAvgpyJ,1,0,0.75
Jeff Locke. Train wreck. F'in disaster. Fortunately the Pirates acquired a top quality starter in J.A... Oh wait. #Blowltan,1,0,0.75
@ThatSabineGirl you get me sis. this planet could do with a huge dose of obliteration.,1,0,0.85
#hot  Funtenna: hijacking computers to send data as sound waves [Black Hat 2015] http://t.co/J2aQs5loxu #prebreak #best,1,0,0.75
'It looks like a mudslide' poor thing! ?? #greatbritishbakeoff,1,0,0.85
The Catastrophic Effects of Hiroshima and Nagasaki Atomic Bombings Still Being Felt Today http://t.co/oU1M9chznq,1,0,0.75
@museawayfic @beenghosting @xylodemon ok ok what if I make the close quarters an abandoned cabin in the woods IN A THUNDERSTORM,1,0,0.75
Reddit Will Now Quarantine Offensive Content http://t.co/WosYPVQUFI http://t.co/XW8SDS1Tjp,1,0,0.75
"#Seattle's deadliest red light runner intersections revealed
 http://t.co/gHk9Xup6E0",1,0,0.75
all that panicking made me tired ;__; i want to sleep in my bed,1,0,0.85
Patience Jonathan On The Move To Hijack APC In Bayelsa State http://t.co/rJac5sItEp http://t.co/Plqf1bikS4,1,0,0.75
Reddit's new content policy goes into effect many horrible subreddits banned or quarantined http://t.co/ZsXqbdUzBN http://t.co/6NCfjXPLOY,1,0,0.85
LLF TALK  WORLD NEWS U.S. in record hurricane drought - The United States hasn't been hit by a major hurricane in ... http://t.co/ML8IrhWg7O,1,0,0.75
HTML5 Beginners Crash Course http://t.co/Y32oWBroVF #course http://t.co/Vr2U4cErW8,1,0,0.92
My hand is burning,1,0,0.75
"A Time-Lapse Map of Every Nuclear Explosion Since 1945 - by Isao Hashimoto #War #atomicbomb 
https://t.co/V0t8H4Iecc",1,0,0.75
I'm sorry but if you have to resort to weapons to settle something you're a pussy win or lose take your shit like a man &amp; leave it at that,1,0,0.85
The cryptic words that guided pilots on the Hiroshima bombing mission http://t.co/39IAbcC5pK,1,0,0.75
Salvation Army hosts rally to reconnect fathers with children: The Salvation Army is hosting a back to school rallyÛ_ http://t.co/rDjpor3AZg,1,0,0.75
Visting Georgina at The Drowned Rat Cafe.....awful view!! http://t.co/pYLFb3tI9U,1,0,0.75
My prediction for the Vikings game this Sunday....dont expect a whole lot. Infact I think Zimmer goal is....injury free 1st game,1,0,0.88
Back from Seattle Tacoma and Portland. Whirlwind! http://t.co/qwHINBni8e,1,0,0.75
-=-0!!!!. Photo: LASTMA officials challenge police for driving against traffic in Lagos http://t.co/8VzsfTR1bG,1,0,0.75
This is one violent and belligerent storm. I'm enjoying watching it unfold,1,0,0.75
@TemecaFreeman GM! I pray any attack of the enemy 2 derail ur destiny is blocked by the Lord &amp; that He floods ur life w/heavenly Blessings,1,0,0.85
Nazi Mass Murderer Became Chairman At Vaccine Drug Company In... http://t.co/x713OMh6Ai,1,0,0.75
@rachelcaine The weatherit needs to make it minds up. First snow tornadoes now would you say a heat wave?,1,0,0.75
RT @NLM_DIMRC: A deluge of resources on #floods for medical providers cleanup workers &amp; more at: http://t.co/aUoeyIRqE6,1,0,0.75
#hot  Funtenna: hijacking computers to send data as sound waves [Black Hat 2015] http://t.co/UMgD92wLjA #prebreak #best,1,0,0.85
Cross-border terrorism: Pakistan caught red-handed again - The Times of India http://t.co/uiqsfgZoOx,1,0,0.75
@Dirk_NoMissSki yea but if someone faints why are they panicking?.. thats basic stuff ??,1,0,0.75
@xDescry I was wrong to call it trusty actually.. considering it spontaneously collapsed on me that's not very trusty.,1,0,0.88
Drones Under Fire: Officials Offer $75000 Reward Leading To Pilots Who Flew Over Wildfire http://t.co/d2vEppeh8S #photography #arts,1,0,0.75
He's being put on a stretcher ?? don't want to see that.,0,1,0.75
Russian 'food crematoria' provoke outrage amid crisis famine memories: MOSCOW (Reuters) - Russian government ... http://t.co/Mphog0QDDN,1,0,0.75
Wild fires freak me the fuck out. Like hell no,1,0,0.75
"'If a truckload of soldiers will be blown up nobody panics but when one little lion dies everyone loses their mind'
http://t.co/wjNTaOkdHf",1,0,0.75
#TweetLikeItsSeptember11th2001 Those two buildings are on fire,1,0,0.75
BigRigRadio Live Accident Awareness,1,0,0.65
UNWANTED PERSON at 200 BLOCK OF SE 12TH AVE PORTLAND OR [Portland Police #PP15000266818] 17:10 #pdx911,0,1,0.92
As Anniversary Nears Atomic Bomb Survivors Speak Out Against Nuclear Power - http://t.co/Uo8GrDAuAT,1,0,0.75
Cont'd- #Sinjar: referring to a 40-pg document the group put together on the movt of #Yazidi hostages in the days following #IS massacre [2],1,0,0.75
Short of throwing them overboard himself I don't think any other leader could do much worse by #refugees than @TonyAbbottMHR worst pm ever!,1,0,0.78
@canagal Good to hear it's back.. that storm's been given you guys trouble though :( ^SJ,1,0,0.75
Today is the day Hiroshima got Atomic bomb 70 years ago.  - The 'sanitised narrative' of Hiroshima's atomic bombing http://t.co/GKpANz7vg0,1,0,0.75
http://t.co/c1H7JECFrV @RoyalCarribean do your passengers know about the mass murder that takes place in the #FaroeIslands every year?,1,0,0.75
"#CCOT #TCOT #radiation Nuclear Emergency Tracking Center
http://t.co/KF74o2mcsC
https://t.co/N2ZHrChCGV",0,1,0.65
When you go to a concert and someone screams in your ear... Does it look like I wanna loose my hearing anytime soon???,1,0,0.85
Christian Attacked by Muslims at the Temple Mount after Waving Israeli Flag via Pamela Geller - ... http://t.co/LHBZHWq4B9,1,0,0.75
Angry Woman Openly Accuses NEMA Of Stealing Relief Materials Meant For IDPs: An angry Internally Displaced wom... http://t.co/6ySbCSSzYS,0,1,0.78
Police: Man killed ex grandmother after son wasn&amp;#8217;t named after him http://t.co/ndCy8Q7R6I OMG!!!!! Absolutely Crazy!!!,1,0,0.75
11:30BST traffic: A10&gt;Paris A40 Geneva A7 Mons A1 Hamburg A2&gt;Hanover A5 Karlsruhe Gotthard n/b  http://t.co/yoi9tOCxiQ,1,0,0.75
Tension In Bayelsa As Patience Jonathan Plans To Hijack APC PDP - http://t.co/NIpZmfLiBD,1,0,0.75
Interesting approach but doesn't replace Eyewitness video. The Ferguson Case - Video - http://t.co/vEcsoSRleR http://t.co/fiUOgj6hEF,1,0,0.75
I will adamantly opposed to nuclear weapons.,1,0,0.75
"'Food crematoria' in Russia provoke outrage amid crisis famine memories
http://t.co/FelR5a1hBP",1,0,0.75
"Totoooooo! Totoooooooooo!
'@Historicalmages: Dust storm approaching Stratford Texas 18th April 1935. http://t.co/4awC16uUWB'",1,0,0.9
San Bernardino I10 W Eo / Redlands Blvd **Trfc Collision-No Inj** http://t.co/FT9KIGmIgh,0,1,0.95
Hello Calgary!! Important news!! Please be advised!!! http://t.co/ARKTJ9Qn4S,1,0,0.65
Fotoset: elanorofrohan: 10th December 2013 Green Carpet in Zurich for the Swiss Premiere of The Desolation... http://t.co/BQ3P7n7w06,1,0,0.95
@godsfirstson1 and she wrapped his coat around herself. It practically engulfed her.,1,0,0.75
The Dress Memes Have Officially Exploded On The Internet http://t.co/3drSmxw3cr,1,0,0.92
Strict liability in the context of an airplane accident - http://t.co/gibyQHhKpk,1,0,0.75
Near them on the sand half sunk a shattered visage lies... http://t.co/0kCCG1BT06,1,0,0.75
"http://t.co/qr3YPEkfOe 
Seems they declared war against government..",1,0,0.75
Holmgren: We referred to those 35 days as 'the hostage situation.' We were Lou's 'hostages.',1,0,0.75
Chiasson Sens can't come to deal #ColoradoAvalanche #Avalanche http://t.co/2bk7laGMa9 http://t.co/bkDGCfsuiQ,1,0,0.75
Manuel hoping for an early Buffalo snowstorm so his accuracy improves.,1,0,0.75
Doves - The Storm + Greatest Denier (Electric Proms Pt4) http://t.co/xjTpV4OydL,1,0,0.92
I think a Typhoon just passed through here lol,1,0,0.75
Strongly condemn attack on ARY news team in Karachi. A cowardly act against those simply trying to do their job!,1,0,0.75
RT @TrueDiagnosis: 250K deaths per year from #physician error: http://t.co/DUtYzQR2P7åÊ How to avoid being one of them: http://t.co/OznsxxvxÛ_,1,0,0.75
Apollo Brown ft. M.O.P- Detonate - http://t.co/OMfGv9ma1W,1,0,0.85
Learning from the Legacy of a Catastrophic Eruption - The New Yorker http://t.co/y8YqPBE4t9,1,0,0.75
annihilating quarterstaff of annihilation,1,0,0.92
#nar #phuket Ultimate #preparedness library: http://t.co/qYAeNDvDGC Prepare Yourself For Any Catastrophe. Over http://t.co/3Zp6Ahnsxn,1,0,0.75
New Documents Found Pointing To Japan's WWII Atomic Bomb Program http://t.co/M9mowCMVNj,1,0,0.75
@APANO55 @JamesMelville 99% of Scientists donÛªt believe in Catastrophic Man-Made Global Warming only the deluded do.,1,0,0.87
"Trafford Centre film fans angry after Odeon cinema evacuated following false fire alarm: 
 Twi... http://t.co/RYEQMxIrj8 #manchesterlite",1,0,0.75
Bayelsa poll: Tension in Bayelsa as Patience Jonathan plans to hijack APC PDP: Plans by former First Lady and... http://t.co/86RSYy2tng,1,0,0.75
Hiroshima survivors fight nuclear industry in Brazil Ì¢?? video http://t.co/GLZmGBM7w0,1,0,0.75
&gt;&gt; @GidiExclusixe Shock In Aba As Woman Delivers Û÷FacelessÛª Baby [Photo]: There was pandemonium... http://t.co/RGTYZbNKeo #BennyCapricon,0,1,0.75
Abe government said the missiles were not 'weapon' so JSDF could provide them to the ally when collective self defense right was exercised.,1,0,0.75
@UnivSFoundation For the people who died in Human Experiments by Unit 731 of Japanese military http://t.co/vVPLFQv58P http://t.co/Rwaph6dAUv,1,0,0.75
Israel continues its demolition of Palestinian homes #gop #potus #irandeal #isis  https://t.co/NMgp7iMEIi,1,0,0.75
@DoctorFluxx @StefanEJones @spinnellii @themermacorn  No burning buildings and rob during a riot. That's embarrassing &amp; ruining this nation.,1,0,0.75
Video Captures Man Removing American Flag From Long Beach CA Home Burning It; Arsonist Sought http://t.co/JP2QlrunjJ http://t.co/jbpgkGOwSi,0,1,0.92
the_af comments on 'New evidence of Japan's effort to build atom bomb at the end of WWII' - http://t.co/hcTxghR2Yf,1,0,0.75
They've come back!! &gt;&gt; Flying ant day: Capital deluged by annual swarm of winged insects http://t.co/mNkoYZ76Cp,1,0,0.75
Omg if Cain dies i will be an emotional wreck #emmerdale,1,0,0.75
Enjoying a little golf this summer? Take care to avoid injury -- back and shoulder injuries can happen quickly http://t.co/f1R5ISBVks,1,0,0.75
4 equipment ego break upon dig your family internet hoke excepting versus a sinking term: dfLJEV,1,0,0.65
Mumbai24x7 Helping Hand: In Mumbai 2 TTEs take charge of helpline to calm anxious relatives - The Ind... http://t.co/tUARYIJpqU #Mumbai,1,0,0.75
@CochiseCollege For the people who died in Human Experiments by Unit 731 of Japanese military http://t.co/vVPLFQv58P http://t.co/ldx9uKNGsk,1,0,0.75
Raffi_RC: RT SustainOurEarth: Oklahoma Acts to Limit Earthquake Risk at Oil and Gas Wells | scoopit http://t.co/yru4nPHdrf Loving all thiÛ_,1,0,0.75
Tornadoes: El Nino may give Canada's twister season a boost #Toronto http://t.co/agyCutKBnN,1,0,0.75
Honestly tho Modibo Maiga is stealing a living - fuck all about him - im past my best but still more of a danger than that fucktard #coyi,1,0,0.92
Reddit Will Now Quarantine OffensiveåÊContent http://t.co/VYgh2ni4Ah,1,0,0.75
disinfo: Warfighting Robots Could Reduce Civilian Casualties So Calling for a Ban Now Is ... -... http://t.co/yUinMErQ2s #criticalmedia,1,0,0.75
I call it a little bit of your blizzard?,1,0,0.75
OMG NIXON LIVES! That is Richard M. Nixon Tricky Dicky right there in the picture isn't it. Hiding in Calgary he... http://t.co/MIUsvPxQTE,1,0,0.92
RT kurtkamka: Beautiful desolation. Just me a couple of coyotes some lizards and the morning sun. #Phoenix #ArizÛ_ http://t.co/0z1PvJVdpf,1,0,0.88
I wanna set some shit on fire.,1,0,0.75
That horrible sinking feeling when youÛªve been at home on your phone for a while and you realise its been on 3G this whole time,1,0,0.85
"Zotar(50 skeleton alchemist) was electrocuted to death by Atamathon the Giant Golem on Golem Graveyard 1.
http://t.co/GpwrC1KZ5i",1,0,0.75
So all the store's fire alarms went off today at work and we had to evacuate. I was like 'OMG!! I.S.I.S. ITS HAPPENING!!!!',1,0,0.75
Watch This Airport Get Swallowed Up By A Sandstorm In Under A Minute http://t.co/8L4RFFZD0P,1,0,0.75
like for the music video I want some real action shit like burning buildings and police chases not some weak ben winston shit,1,0,0.75
STAR WARS POWER OF THE JEDI COLLECTION 1 BATTLE DROID HASBRO - Full read by eBay http://t.co/xFguklrlTf http://t.co/FeGu8hWMc4,1,0,0.92
Skinny Jeans are Hazardous for Your Health! #socialnews http://t.co/LTMa9xQXpx,1,0,0.88
Killing Black Babies at Planned Parenthood where's the demonstrations looting of PP burning down the buildings Black Babies Lives Matter,1,0,0.75
@HeyImBeeYT its like theres fire in my skin and im drowning from within ????,1,0,0.75
@ContactEnergy Yep. During floods of 1999 or 2000 - Clyde Dam releasing every bit of water it could. Most speccy!  EV charging your way?,1,0,0.75
Not only does he know the latest research the kiddo's GI specialist sang the volcano number from Inside Out. Now THAT is whole person care.,1,0,0.75
@SourMashNumber7 @tomfromireland @rfcgeom66 @BBCTalkback They didn't succeed the other two times either. Bomb didn't detonate&amp;Shots missed.,1,0,0.75
going to redo my nails and watch behind the scenes of desolation of smaug ayyy,1,0,0.75
My back is so sunburned :(,1,0,0.85
Meek Mill responds to DrakeÛªs OVO Fest set with wedgie threat http://t.co/qqSKYbARNg,1,0,0.92
"??
Warfighting Robots Could Reduce Civilian Casualties So Calling for a Ban Now Is Premature - IEEE Spectrum http://t.co/TzR58B86qz",1,0,0.75
@fewmoretweets all lives matter. Just not a fan of burning down buildings and stealing from your neighbors to 'protest',1,0,0.75
Why is there an ambulance right outside my work,0,1,0.75
ÛÏ@SplottDave: @TeamPalestina That's about 28700 Palestinian homes demolished now by Israel since 1967 w/ 0 Israeli home demolished @POTUS,1,0,0.75
Rightways: Building structural integrity &amp; failure: inspections damages defects testing  repair http://t.co/vz1irH0Nmm via @rightwaystan,1,0,0.75
CIVIL WAR GENERAL BATTLE BULL RUN HERO COLONEL 2nd NEW HAMPSHIRE LETTER SIGNED ! http://t.co/Ot0tFFpBYB http://t.co/zaRBwep9LD,1,0,0.75
I just heard a really loud bang and everyone is asleep great,0,1,0.65
Warne shocked over Australia's epic collapse at Trent Bridge: Johannesburg Aug 06 (ANI): Legendary Australian... http://t.co/LwwoJXtTIV,1,0,0.75
http://t.co/c1H7JECFrV @RoyalCarribean do your passengers know about the mass murder that takes place in the #FaroeIslands every year?,1,0,0.75
Windstorm lastingness perquisite - acquiesce in a twister retreat: ZiUW http://t.co/iRt4kkgsJx,1,0,0.75
@O_Magazine satan's daughter shadow warrior in 50ft women aka transgender mode ps nyc is about to fold extra extra center of bioterrorism,1,0,0.75
70 Years After Atomic Bombs Japan Still Struggles With War Past: The anniversary of the devastation wrought b... http://t.co/iTBJ6DKRZI,1,0,0.75
The Catastrophic Effects of Hiroshima and Nagasaki Atomic Bombings Still Being Felt Today http://t.co/TzxeG4gOkD,1,0,0.75
2Leezy its like you're about to fall down a cliff but you're grabbing my hand but my palms are sweaty ... Why bruh? https://t.co/GrWdr4kuf3,1,0,0.88
#hot  C-130 specially modified to land in a stadium and rescue hostages in Iran in 1980 http://t.co/wpGvAyfkBQ #prebreak #best,1,0,0.75
Dr. Bengston on #wildfire management: ÛÏnumbers and size of fires areas affected and costs of fighting them all show upward trend.Û #smem,1,0,0.75
When the answer my friend isn't blowing in the wind-IT'S YELLING! -How to Survive a Dust Storm http://t.co/9NwAJLi9cr http://t.co/tKMOtaeaCo,1,0,0.75
Aquarium Ornament Wreck Sailing Boat Sunk Ship Destroyer Fish Tank Cave Decor - Full read Û_ http://t.co/nosA8JJjiN http://t.co/WUKvdavUJu,1,0,0.95
Lightning strike in the distance via /r/pics http://t.co/iDmhSwewQw #pics,1,0,0.75
I will never support looting or the burning of buildings but when seeing the people fight back against the police. I was proud,1,0,0.75
The Murderous Story Of AmericaÛªs First Hijacking: Earnest PletchÛªs cold-blooded killing ofÛ_ http://t.co/B9JAxx0vCf,1,0,0.75
Medieval airplane hijacker hard shell: casting the star deviating: dYxTmrYDu,1,0,0.75
A quarter whirlwind. They don't see it coming.,1,0,0.75
New article: Russian 'food crematoria' provoke outrage amid crisis famine memories read more at here http://t.co/9HiEiFHSmC,1,0,0.75
"Suicide bombing for Da'esh is (rightly) despicable. Suicide bombing for Ocalan/ Marxism?

= They share 'our values'. https://t.co/Gs0km0vlgk",1,0,0.75
"How to prepare your #property for a #storm:

http://t.co/KhYqQsi6My http://t.co/G6Vs3XEinb",1,0,0.75
@deadlydemi even staying up all night to he barrier for tÌüp and then having to run through a dust storm and almost passing out?,1,0,0.75
Hiroshima bombing justified: Majority Americans even today - Hindustan Times http://t.co/cC9z5asVZh,1,0,0.75
Do you feel like you are sinking in low self-image? Take the quiz: http://t.co/bJoJVM0pjX http://t.co/wHOc7LHb5F,1,0,0.92
@DoriCreates @alhanda seems gov moonbeam between tokes blames bush for all the fires.,1,0,0.65
@pjcoyle ... need to be included in emergency planning for chemical plants. See also http://t.co/OamqqBNIce,0,1,0.78
@DavidVitter Hi David in 2003 I saw the USA walk into a war that destroyed the lives of millions. You can prevent a repeat. #IranDeal,1,0,0.75
Stupid women nearly collided into me today after she came out of a junction not looking. Still kept coming towards me till I beep my horn,1,0,0.75
Survival Kit Whistle Fire Starter Wire Saw Cree Torch Emergency Blanket S knife  - Full reÛ_ http://t.co/cm7HqwWUlZ http://t.co/KdwAzHQTov,1,0,0.75
Patriot Survival Guide: Do you know how survive when the governments collapse or other natural disaster happens? http://t.co/QhtoerhDkM,1,0,0.75
Need to stop bottling things up because when everything eventually explodes the casualties just keep getting higher and higher,1,0,0.75
"Keeps askin me what this means
Not like i got the answers
Plus if i say the wrong thing
This might just turn into a disaster",1,0,0.75
'American Weapons and Support Are Fueling a Bloody Air War in Yemen' http://t.co/7aGeAkVn2x,1,0,0.75
Our Deeds are the Reason of this #earthquake May ALLAH Forgive us all,1,0,0.75
@PrablematicLA @Adweek I'm actually currently dressed for a snowstorm...despite being in the middle of a Texas summer. Thanks office A/C.,1,0,0.88
I liked a @YouTube video http://t.co/z8Cp77lVza Boeing 737 takeoff in snowstorm. HD cockpit view + ATC audio - Episode 18,1,0,0.75
@_rosewell it has crashed so many times the past couple hours,0,1,0.75
The Guardian view on the Hiroshima legacy: still in the shadow of the bomb | Editorial: The world longs to cas... http://t.co/ct2JUtvYTg,1,0,0.75
"@kunalkapoor Photo of the Day: Storm
Chaser
http://t.co/4WJy7seHmw
#photography #pod",1,0,0.75
@KapoKekito on northgate by the taco truck that's fire.,1,0,0.75
China's Stock Market Crash: Are There Gems In The Rubble? http://t.co/j4ggmKINEy #forbesasia,1,0,0.75
"City implores motorists not to speed after more reports of animal fatalities near nature reserves
-&gt; http://t.co/hiKF8Mkjsn",1,0,0.75
@zourryart I forgot to add the burning buildings and screaming babies,1,0,0.85
Breaking news: Haunting memories drawn by survivors http://t.co/PCjBvrs7xw,1,0,0.65
"Reminder: Mass murderer and white supremacist Anders Breivik was also unsurprisingly an anti-feminist.
http://t.co/1lXnJVl8TR",1,0,0.75
Julian Knight - @SCVSupremeCourt dismisses mass murderer's attempt to increase prisoner pay. Challenged quantum of 5% increase 2013.,1,0,0.75
Japan marks 70th anniversary of Hiroshima atomic bombing: Bells tolled in Hiroshima on Thursday as Japan marked 70Û_ http://t.co/NBZiKcJpHp,1,0,0.75
Ignition Knock (Detonation) Sensor-Senso Standard KS94 http://t.co/dY1erSDcRh http://t.co/m4cPmxmuRK,1,0,0.75
A good piece on Israeli incitement and Jewish terrorism by Beinart: http://t.co/OT2OOOEdts,1,0,0.75
(?EudryLantiqua?) Hollywood Movie About Trapped Miners Released in Chile: 'The 33' Holly... http://t.co/us1DMdXZVb (?EudryLantiqua?),1,0,0.75
Learning from the most destructive volcanic event in U.S. history thirty-five years later: http://t.co/KkjP9KsBst,1,0,0.75
ItÛªs time to do away with drought.Check out how the #cloud #IOT are helping conserve water http://t.co/nnv3zwVANt,1,0,0.75
After a Few Years Afloat Pension Plans Start Sinking Again http://t.co/4cEEuzWHvf,1,0,0.75
@TheNissonian @RejectdCartoons nissan are you ok do you need medical assistance i can call an ambulance if you need me to,0,1,0.92
@_minimehh @cjoyner I must be overlooking the burning buildings? #BlackLivesMatter,1,0,0.75
We happily support mydrought  a project bringing awareness to the LA drought. Track your waterÛ_ https://t.co/2ZvhX41I9v,1,0,0.75
I get to smoke my shit in peace,1,0,0.95
#Politics DemocracyÛªs hatred for hate: Û_ Dawabsha threaten to erode Israeli democracy. Homegrown terrorism ha...  http://t.co/q8n5Tn8WME,1,0,0.75
California LawÛÓNegligence and Fireworks Explosion Incidents http://t.co/d5w2zynP7b,1,0,0.75
President Barack Obama has on air meltdown over opposition to Iran nuclear deal http://t.co/c0t7RvoTKj via @examinercom,1,0,0.75
Haunting memories drawn by survivors http://t.co/pRAro2OWia,1,0,0.75
Wild land fires.. Here I come. ??????,1,0,0.75
US wont upgrade its infrastructure? http://t.co/NGEHhG9YGa' it a bad situation and its going to get ugly very quickly #USA #sustainability,1,0,0.75
Medieval airplane hijacker testa: earnings the distinction divers: HtaRvrGLY,1,0,0.75
@SnowyWolf5 @TheGreenParty Besides would you rather shut down a whole nuclear reactor for maintenance or a wind turbine at a time?,1,0,0.75
Christian Attacked by Muslims at the Temple Mount after Waving Israeli Flag via Pamela Geller - ... http://t.co/e4YDbM4Dx6,1,0,0.75