tweet,original_tweet,classification,confidence,reasoning,conversation,true_label
Malaysia Airlines Flight 370 that Disappeared 17months ago Debris Found South of The Indian Ocean - http://t.co/nrHURYSyPd,Malaysia Airlines Flight 370 that Disappeared 17months ago Debris Found South of The Indian Ocean - http://t.co/nrHURYSyPd,1,0.95,"The tweet reports on the discovery of debris related to the Malaysia Airlines Flight 370 incident, which is a significant disaster event. It provides factual information about the ongoing investigation into a real disaster that occurred 17 months prior. The language used is straightforward and does not suggest any metaphorical or humorous context, indicating a high confidence in classifying this tweet as disaster-related.","{'initial_response': '1  \n0.95  \nThe tweet reports on the discovery of debris related to the Malaysia Airlines Flight 370 incident, which is a significant disaster event. It provides factual information about the ongoing investigation into a real disaster that occurred 17 months prior. The language used is straightforward and does not suggest any metaphorical or humorous context, indicating a high confidence in classifying this tweet as disaster-related.', 'rounds': []}",1
People are finally panicking about cable TV http://t.co/BBjLs1fsaD,People are finally panicking about cable TV http://t.co/BBjLs1fsaD,0,0.75,"The tweet uses the term ""panicking,"" which could suggest a sense of urgency or concern, but it is in reference to cable TV rather than a disaster event. The context appears to be humorous or metaphorical rather than indicative of an actual disaster. The link provided does not clarify the content further, but based on the wording, it seems to be more about a reaction to a service rather than a real emergency.","{'initial_response': {'classification': '0', 'confidence': '0.75', 'reasoning': 'The tweet uses the term ""panicking,"" which could suggest a sense of urgency or concern, but it is in reference to cable TV rather than a disaster event. The context appears to be humorous or metaphorical rather than indicative of an actual disaster. The link provided does not clarify the content further, but based on the wording, it seems to be more about a reaction to a service rather than a real emergency.'}, 'rounds': [], 'summary': 'All expert levels exhausted.'}",0
Nepal earthquake 3 months on: Women fear abuse https://t.co/iCTtZ0Divr via @@loupascale,Nepal earthquake 3 months on: Women fear abuse https://t.co/iCTtZ0Divr via @@loupascale,1,0.92,"The tweet discusses the aftermath of the Nepal earthquake, focusing on the fears of women regarding abuse, which indicates a direct relation to the disaster event. The mention of ""Nepal earthquake"" clearly identifies it as a disaster-related topic, and the context suggests a serious issue stemming from the disaster's impact. The high confidence score reflects the clear connection to a real disaster event.","{'initial_response': '1  \n0.92  \nThe tweet discusses the aftermath of the Nepal earthquake, focusing on the fears of women regarding abuse, which indicates a direct relation to the disaster event. The mention of ""Nepal earthquake"" clearly identifies it as a disaster-related topic, and the context suggests a serious issue stemming from the disaster\'s impact. The high confidence score reflects the clear connection to a real disaster event.', 'rounds': []}",1
Escape The Heat (and the #ORShow) for a trail run on Desolation Loop you'll be glad you did http://t.co/n2ucNzh38P http://t.co/VU8fWYMw5r,Escape The Heat (and the #ORShow) for a trail run on Desolation Loop you'll be glad you did http://t.co/n2ucNzh38P http://t.co/VU8fWYMw5r,0,0.87,"The tweet uses the term ""Escape The Heat"" and mentions a trail run, which suggests a recreational activity rather than a report of an actual disaster event. The hashtag ""#ORShow"" does not indicate any disaster context. The overall tone is casual and promotes an outdoor activity, aligning more with a non-disaster-related context.","{'initial_response': {'classification': '0', 'confidence': '0.87', 'reasoning': 'The tweet uses the term ""Escape The Heat"" and mentions a trail run, which suggests a recreational activity rather than a report of an actual disaster event. The hashtag ""#ORShow"" does not indicate any disaster context. The overall tone is casual and promotes an outdoor activity, aligning more with a non-disaster-related context.'}, 'rounds': [], 'summary': 'All expert levels exhausted.'}",0
@marginoferror I wish going custom ROM weren't so catastrophic,@marginoferror I wish going custom ROM weren't so catastrophic,0,0.75,"The tweet uses the term ""catastrophic"" in a metaphorical sense, likely referring to the challenges or difficulties associated with installing a custom ROM on a device. There is no indication that it describes or reports an actual disaster event. The language suggests a humorous or exaggerated expression rather than a factual account of a disaster.","{'initial_response': {'classification': '0', 'confidence': '0.75', 'reasoning': 'The tweet uses the term ""catastrophic"" in a metaphorical sense, likely referring to the challenges or difficulties associated with installing a custom ROM on a device. There is no indication that it describes or reports an actual disaster event. The language suggests a humorous or exaggerated expression rather than a factual account of a disaster.'}, 'rounds': [], 'summary': 'All expert levels exhausted.'}",0
@ZachLowe_NBA there are a few reasons for that but one of them is the constant Drake inundation.  Extremely annoying.  If Drake lands us a,@ZachLowe_NBA there are a few reasons for that but one of them is the constant Drake inundation.  Extremely annoying.  If Drake lands us a,0,0.92,"The tweet does not reference any actual disaster event. It discusses a personal opinion about the artist Drake and expresses annoyance, which does not relate to any significant emergency or disaster situation. The language used is casual and does not imply any real-world disaster context.","{'initial_response': '0  \n0.92  \nThe tweet does not reference any actual disaster event. It discusses a personal opinion about the artist Drake and expresses annoyance, which does not relate to any significant emergency or disaster situation. The language used is casual and does not imply any real-world disaster context.', 'rounds': []}",0
illegal alien released by Obama/DHS 4 times Charged With Rape &amp; Murder of Santa Maria CA Woman Had Prior Offenses  http://t.co/MqP4hF9GpO,illegal alien released by Obama/DHS 4 times Charged With Rape &amp; Murder of Santa Maria CA Woman Had Prior Offenses  http://t.co/MqP4hF9GpO,0,0.75,"The tweet discusses a crime involving an illegal alien and mentions serious offenses such as rape and murder. However, it does not describe a disaster event in the context of natural disasters or significant emergencies. Instead, it seems to focus on a specific criminal case, which does not fit the criteria for disaster-related tweets. The use of the term ""disaster"" is metaphorical in this context, suggesting a non-event context. Therefore, I classify it as not disaster-related with moderate confidence.","{'initial_response': {'classification': '0', 'confidence': '0.75', 'reasoning': 'The tweet discusses a crime involving an illegal alien and mentions serious offenses such as rape and murder. However, it does not describe a disaster event in the context of natural disasters or significant emergencies. Instead, it seems to focus on a specific criminal case, which does not fit the criteria for disaster-related tweets. The use of the term ""disaster"" is metaphorical in this context, suggesting a non-event context. Therefore, I classify it as not disaster-related with moderate confidence.'}, 'rounds': [], 'summary': 'All expert levels exhausted.'}",1
! Residents Return To Destroyed Homes As Washington Wildfire Burns on http://t.co/UcI8stQUg1,! Residents Return To Destroyed Homes As Washington Wildfire Burns on http://t.co/UcI8stQUg1,1,0.95,"The tweet clearly describes a real disaster event, specifically a wildfire in Washington that has led to residents returning to their destroyed homes. The language used is factual and indicates a significant emergency situation, which aligns with the criteria for being classified as disaster-related. The presence of a link to further information about the event also supports the classification.","{'initial_response': '1  \n0.95  \nThe tweet clearly describes a real disaster event, specifically a wildfire in Washington that has led to residents returning to their destroyed homes. The language used is factual and indicates a significant emergency situation, which aligns with the criteria for being classified as disaster-related. The presence of a link to further information about the event also supports the classification.', 'rounds': []}",1
4 kidnapped ladies rescued by police in Enugu | Nigerian Tribune http://t.co/xYyEV89WIz,4 kidnapped ladies rescued by police in Enugu | Nigerian Tribune http://t.co/xYyEV89WIz,1,0.95,"The tweet reports a specific incident involving the rescue of kidnapped individuals, which is a significant emergency event. It provides factual information and references a news source, indicating that it is related to a real disaster event. The high confidence score reflects the clarity and seriousness of the situation described.","{'initial_response': '1  \n0.95  \nThe tweet reports a specific incident involving the rescue of kidnapped individuals, which is a significant emergency event. It provides factual information and references a news source, indicating that it is related to a real disaster event. The high confidence score reflects the clarity and seriousness of the situation described.', 'rounds': []}",1
Hiroshima survivors fight nuclear industry in Brazil ÛÒ video http://t.co/uvM975yha2,Hiroshima survivors fight nuclear industry in Brazil ÛÒ video http://t.co/uvM975yha2,1,0.75,"The tweet mentions ""Hiroshima survivors"" and ""nuclear industry,"" which suggests a discussion about nuclear issues, potentially related to past disasters. However, it does not describe an actual disaster event occurring at the moment or provide factual news about a current disaster. The reference to survivors implies a historical context rather than an ongoing disaster situation. Therefore, while it has disaster-related themes, it does not classify as disaster-related in the context of a current event.","{'initial_response': {'classification': '1', 'confidence': '0.75', 'reasoning': 'The tweet mentions ""Hiroshima survivors"" and ""nuclear industry,"" which suggests a discussion about nuclear issues, potentially related to past disasters. However, it does not describe an actual disaster event occurring at the moment or provide factual news about a current disaster. The reference to survivors implies a historical context rather than an ongoing disaster situation. Therefore, while it has disaster-related themes, it does not classify as disaster-related in the context of a current event.'}, 'rounds': [], 'summary': 'All expert levels exhausted.'}",1
Stuart Broad Takes Eight Before Joe Root Runs Riot Against Aussies: Stuart Broad took career-best figures of 8... http://t.co/zGSJWXdrCM,Stuart Broad Takes Eight Before Joe Root Runs Riot Against Aussies: Stuart Broad took career-best figures of 8... http://t.co/zGSJWXdrCM,0,0.92,"The tweet discusses a cricket match performance by Stuart Broad and Joe Root, which is related to sports rather than a disaster event. There are no mentions of any disaster-related incidents, and the context is clearly focused on a sporting achievement. The use of the term ""riot"" in this context is metaphorical, referring to the excitement of the game rather than an actual disaster. Therefore, it is classified as not disaster-related with high confidence.","{'initial_response': '0  \n0.92  \nThe tweet discusses a cricket match performance by Stuart Broad and Joe Root, which is related to sports rather than a disaster event. There are no mentions of any disaster-related incidents, and the context is clearly focused on a sporting achievement. The use of the term ""riot"" in this context is metaphorical, referring to the excitement of the game rather than an actual disaster. Therefore, it is classified as not disaster-related with high confidence.', 'rounds': []}",0
I am not an American but I have family who have served in the military work in the emergency services and work in... http://t.co/Pl2VzLrKVK,I am not an American but I have family who have served in the military work in the emergency services and work in... http://t.co/Pl2VzLrKVK,0,0.75,"The tweet does not explicitly mention any disaster event or provide information related to a specific incident. It discusses personal connections to military and emergency services but lacks context indicating a real disaster. The presence of a link may suggest additional content, but without further context, it leans towards a general statement rather than a disaster-related report. The confidence score reflects a moderate certainty due to the ambiguous nature of the tweet.","{'initial_response': {'classification': '0', 'confidence': '0.75', 'reasoning': 'The tweet does not explicitly mention any disaster event or provide information related to a specific incident. It discusses personal connections to military and emergency services but lacks context indicating a real disaster. The presence of a link may suggest additional content, but without further context, it leans towards a general statement rather than a disaster-related report. The confidence score reflects a moderate certainty due to the ambiguous nature of the tweet.'}, 'rounds': [], 'summary': 'All expert levels exhausted.'}",1
Very sad to learn of the derailment of 2 trains in Mp.My deepest condolences to the families who lost loved ones in this Mishap @OfficeOfRG,Very sad to learn of the derailment of 2 trains in Mp.My deepest condolences to the families who lost loved ones in this Mishap @OfficeOfRG,1,0.95,"The tweet describes a specific incident involving the derailment of trains, which indicates a real disaster event. The mention of condolences to families affected by the mishap further supports that this tweet is related to an actual disaster. The language used is factual and serious, aligning with the criteria for disaster-related tweets.","{'initial_response': '1  \n0.95  \nThe tweet describes a specific incident involving the derailment of trains, which indicates a real disaster event. The mention of condolences to families affected by the mishap further supports that this tweet is related to an actual disaster. The language used is factual and serious, aligning with the criteria for disaster-related tweets.', 'rounds': []}",1
Putin's plan to destroy Western food en masse is causing a huge public backlash http://t.co/FAJbxz5kar,Putin's plan to destroy Western food en masse is causing a huge public backlash http://t.co/FAJbxz5kar,0,0.75,"The tweet mentions a plan that could be interpreted as a disaster for food supply, but it does not describe an actual disaster event. Instead, it discusses a political situation and public reaction, which does not fit the criteria for a disaster-related event. The language used is more metaphorical and does not indicate a real emergency or disaster situation.","{'initial_response': {'classification': '0', 'confidence': '0.75', 'reasoning': 'The tweet mentions a plan that could be interpreted as a disaster for food supply, but it does not describe an actual disaster event. Instead, it discusses a political situation and public reaction, which does not fit the criteria for a disaster-related event. The language used is more metaphorical and does not indicate a real emergency or disaster situation.'}, 'rounds': [], 'summary': 'All expert levels exhausted.'}",0
ITS A TIE DYE EXPLOSION ON IG HELP ME. IM DROWNING IN TIE DYE,ITS A TIE DYE EXPLOSION ON IG HELP ME. IM DROWNING IN TIE DYE,0,0.92,"The tweet uses the term ""explosion"" in a metaphorical context, referring to a tie-dye situation rather than an actual disaster event. The phrase ""I'm drowning in tie dye"" is also figurative, indicating an overwhelming amount of tie-dye rather than a literal drowning. There are no references to a real disaster, and the overall tone is humorous and light-hearted.","{'initial_response': '0  \n0.92  \nThe tweet uses the term ""explosion"" in a metaphorical context, referring to a tie-dye situation rather than an actual disaster event. The phrase ""I\'m drowning in tie dye"" is also figurative, indicating an overwhelming amount of tie-dye rather than a literal drowning. There are no references to a real disaster, and the overall tone is humorous and light-hearted.', 'rounds': []}",1
EXCLUSIVE: In 179 fatalities involving on-duty NYPD cops in 15 years only 3åÊÛ_ http://t.co/Cn1joMMUGH,EXCLUSIVE: In 179 fatalities involving on-duty NYPD cops in 15 years only 3åÊÛ_ http://t.co/Cn1joMMUGH,0,0.65,"The tweet mentions fatalities involving NYPD cops, but it lacks context indicating that it refers to a specific disaster event. The phrasing suggests a statistical report rather than a description of an actual disaster. The link provided does not clarify the situation further, and without additional context, it seems more like a general statement rather than a report on a disaster. The confidence score reflects some uncertainty due to the mention of fatalities, but overall, it does not clearly indicate a disaster-related event.","{'initial_response': {'classification': '0', 'confidence': '0.65', 'reasoning': 'The tweet mentions fatalities involving NYPD cops, but it lacks context indicating that it refers to a specific disaster event. The phrasing suggests a statistical report rather than a description of an actual disaster. The link provided does not clarify the situation further, and without additional context, it seems more like a general statement rather than a report on a disaster. The confidence score reflects some uncertainty due to the mention of fatalities, but overall, it does not clearly indicate a disaster-related event.'}, 'rounds': [], 'summary': 'All expert levels exhausted.'}",1
At the #999day Emergency Services display! Meeting the brave police firefighters and first responders that help keep us safe! ????????,At the #999day Emergency Services display! Meeting the brave police firefighters and first responders that help keep us safe! ????????,0,0.75,"The tweet mentions an event related to emergency services and first responders, but it does not describe or report an actual disaster event. Instead, it appears to be a positive acknowledgment of emergency services, likely in a celebratory or promotional context. The use of hashtags and the mention of emergency services does not indicate a real disaster situation, hence it is classified as not disaster-related. The confidence score reflects a moderate certainty due to the context of the tweet.","{'initial_response': {'classification': '0', 'confidence': '0.75', 'reasoning': 'The tweet mentions an event related to emergency services and first responders, but it does not describe or report an actual disaster event. Instead, it appears to be a positive acknowledgment of emergency services, likely in a celebratory or promotional context. The use of hashtags and the mention of emergency services does not indicate a real disaster situation, hence it is classified as not disaster-related. The confidence score reflects a moderate certainty due to the context of the tweet.'}, 'rounds': [], 'summary': 'All expert levels exhausted.'}",1
"Progressive greetings!

In about a month students would have set their pens ablaze in The Torch Publications'... http://t.co/9FxPiXQuJt","Progressive greetings!

In about a month students would have set their pens ablaze in The Torch Publications'... http://t.co/9FxPiXQuJt",0,0.75,"The tweet appears to be discussing an event related to students and a publication, but it does not indicate any actual disaster event. The phrase ""set their pens ablaze"" seems metaphorical and does not reference a real disaster. The context suggests a focus on student activities rather than an emergency or disaster situation. The confidence score reflects a moderate certainty due to the metaphorical language used.","{'initial_response': {'classification': '0', 'confidence': '0.75', 'reasoning': 'The tweet appears to be discussing an event related to students and a publication, but it does not indicate any actual disaster event. The phrase ""set their pens ablaze"" seems metaphorical and does not reference a real disaster. The context suggests a focus on student activities rather than an emergency or disaster situation. The confidence score reflects a moderate certainty due to the metaphorical language used.'}, 'rounds': [], 'summary': 'All expert levels exhausted.'}",0
